feature,mi_score
GGI9,2.284099428940711
GGI8,2.100022663903716
nSpiro,1.8811444283641219
Xc-4d,1.8135959882272552
NssNH,1.7861314380920985
nN,1.5307302338429187
n6ARing,1.5189439821386577
n5aRing,1.5183298842976163
NssssC,1.4770345550845756
n4Ring,1.4389187475364578
MDEC-14,1.4219123476343813
GhoseFilter,1.4161037302621997
EState_VSA1,1.414312234420351
C4SP3,1.29558092004495
NaaO,1.2942547485336267
PEOE_VSA3,1.2485011645392408
PEOE_VSA5,1.236220791129911
AATS8dv,1.2289461833387099
piPC9,1.2010720890240028
MDEO-11,1.1875935049313138
ETA_beta_ns_d,1.1742141947861546
Xch-4d,1.1527656043588255
ATS8dv,1.151662120875253
n7HRing,1.1372854385575701
n7Ring,1.1339651665393349
MINssssC,1.1338916849903806
nFRing,1.1078951320640635
GGI7,1.0897911644020242
nFARing,1.0813467958576968
n5HRing,1.0471732019630624
nAromAtom,1.0370979430431857
NdCH2,1.0365961762761282
SlogP_VSA11,1.01918317611176
NaaaC,0.9896622999325213
PEOE_VSA11,0.9705093747065154
NaasC,0.963998454095593
nAHRing,0.9491693326593653
n7FRing,0.9045454899536278
Radius,0.8888708156404113
Xch-3d,0.8884306901559524
NdO,0.853470253330096
SMR_VSA9,0.8491596310060119
PEOE_VSA10,0.8243922766386484
JGI7,0.8022290329921353
AATS7dv,0.8002010799893315
n6FRing,0.7974334110284866
n5ARing,0.7970748444746847
GATS8dv,0.7963465908163787
GATS8s,0.7922983935250598
VSA_EState9,0.7900867130449449
GGI6,0.7591537331673308
MINssCH2,0.7368880443243637
Xc-6d,0.7255418517037455
PEOE_VSA8,0.7080723538521512
MAXssCH2,0.7077796951586337
GATS8v,0.7072647898351732
piPC10,0.6987428274002001
ETA_dEpsilon_D,0.6913368000839468
MAXaasC,0.6828170415803374
NdssC,0.6749157955988543
ATSC1d,0.6742681805782782
GATS7d,0.6739397519449022
SlogP_VSA8,0.6654328275977752
nHRing,0.665144974557649
MDEO-12,0.6501426921836306
nBridgehead,0.6420506312868723
ATS7dv,0.6271977517210732
SssssC,0.6263024268645632
PEOE_VSA2,0.6202236347056882
AATSC0p,0.610028894704008
MDEC-24,0.6072228913344531
GATS8d,0.6063850214782107
MDEC-34,0.5897129346863563
AATS1s,0.5851762642734455
JGI6,0.5851614031861514
SRW05,0.5845200968559183
AATSC4se,0.5840778858912081
BCUTs-1l,0.5819474550902743
GATS8Z,0.5798575481759576
EState_VSA10,0.5783517612341647
Xc-3d,0.5662598676789501
C3SP3,0.5582294103444863
ATSC2d,0.5569079371625456
nARing,0.5547635847941272
ETA_epsilon_3,0.5533004408987403
ATSC0d,0.5442772685680404
VSA_EState8,0.5442675933177368
MATS1se,0.5361303717252945
Xc-3dv,0.5173554118742603
Xc-5d,0.515788718052169
SdssC,0.5156029842450769
ATSC0c,0.512543803603045
C2SP2,0.5122881980247427
MATS1dv,0.5113292932342972
n5Ring,0.5041815091948294
SMR_VSA4,0.5000834904479237
C1SP2,0.4982219779211481
nBondsKD,0.49243885580040736
AXp-5dv,0.4906234494604029
BCUTd-1h,0.4864766547326438
MAXsssCH,0.48124586573463635
MATS1d,0.47015873406409847
Xch-6d,0.4677060243871325
AATSC1d,0.46563925463652733
BCUTs-1h,0.459116951212327
ATSC4se,0.45668904080596073
SIC1,0.4556134486152623
ATS3s,0.4556095263348414
SMR_VSA6,0.45534912002568273
MDEC-22,0.45291138397607744
ATSC4v,0.4525931558854448
ATSC3v,0.4457023065736241
EState_VSA2,0.44078542209345617
SsssCH,0.43701607906368745
ATSC4pe,0.43688423881552607
SIC3,0.4334957003027542
EState_VSA6,0.43211316022540025
AATSC0v,0.42923540853898157
ATSC1se,0.41761933310317056
BCUTZ-1l,0.41733976695112096
SIC0,0.40727609255176533
ATSC2v,0.40712512484330077
AATS7d,0.4058931834769579
AATSC0d,0.40398966037721395
AETA_beta_s,0.402551811240508
AXp-0dv,0.3874242390603704
MIC2,0.38726438473345537
SpMax_A,0.385491282178656
AATS0dv,0.3830456177864692
ATSC3Z,0.38200550582156545
GATS5v,0.37942869273205915
ATSC3d,0.3791422545650196
ATS4s,0.3774117082185997
SMR_VSA7,0.37663605447245496
AXp-6dv,0.3729028357449953
AATS0se,0.37220063009864557
ATS0d,0.3717137444017977
AXp-5d,0.3698836770119769
GATS3Z,0.36978903982010314
MINdssC,0.36952629618687194
TSRW10,0.36950303397221873
GATS4dv,0.3680605623765132
C3SP2,0.3676366988518658
ATSC1pe,0.3646896358444849
EState_VSA5,0.36306194898996047
mZagreb1,0.3624133379159278
BCUTc-1h,0.3605115843616291
JGI2,0.3594079946600721
ATSC2s,0.357742993751061
ATSC1dv,0.35737984733114114
AATSC4pe,0.35054103480477306
AATS6Z,0.3504840812675507
SlogP_VSA3,0.34885518207687083
MATS4se,0.346769499387924
ATSC7dv,0.3443117010221144
Xch-5d,0.34223613043556256
nBondsM,0.3421457641287744
nAtom,0.3399515174758476
AATS4s,0.3398418833167858
ATS0s,0.3388621206847926
NssCH2,0.33875988171423765
AATS3s,0.3376382442315675
MIC1,0.3375878284322429
GATS1dv,0.33640260799914934
C2SP3,0.33506544718713815
CIC2,0.3326762137483965
ETA_beta,0.3322919686982537
SlogP_VSA1,0.33105175320163305
MATS4d,0.33040009035102225
GATS7c,0.32943660788837903
MATS4pe,0.3274117326063175
IC1,0.3272696732947895
AATSC6dv,0.322887096549505
fMF,0.32163551864200457
ATS7s,0.3215772569991504
PEOE_VSA6,0.32071462687759267
ABC,0.3202730690737132
AATS5i,0.31904748230414715
AXp-4d,0.31734258044242614
TIC1,0.31711149629149693
VSA_EState4,0.3156678557232304
AATSC5c,0.31232984604422276
MAXsCH3,0.3111992683260758
GGI4,0.31036054603400265
GATS1c,0.3089022136798314
GGI3,0.3084553238226748
PEOE_VSA9,0.30727479872122965
CIC1,0.30406121912473827
Xp-6dv,0.30295518316694103
AATSC2v,0.30260695192480336
RPCG,0.3023421313474399
MDEC-13,0.30184862330603934
AATSC3Z,0.30023569699143016
MDEC-12,0.2993043074639141
Xp-3d,0.2988281458313473
MDEC-11,0.29829642008615176
AATS7se,0.297709794776877
piPC3,0.2964059560615677
AATSC3v,0.292870171883596
VSA_EState5,0.29257283192499584
AATSC2dv,0.2916785467695582
ATSC7se,0.29163851069204005
NsCH3,0.2912744994976575
AATSC1dv,0.29126973196054307
AATS0s,0.29116582177410466
MATS2d,0.2889287009658559
AATSC0i,0.2886633843241211
ETA_eta_F,0.28800367808124117
AATS7s,0.2872633051208804
n6Ring,0.28707497006854465
ETA_shape_p,0.2842538396958134
AATSC0dv,0.2817626670949771
AXp-6d,0.28157974251357754
C1SP3,0.27913115397067445
AATSC1s,0.2779734950556403
AETA_eta_R,0.2775898985541865
AXp-1dv,0.2773635688059106
AATSC4v,0.2762865585360972
MINsssCH,0.2743427032492063
nBondsD,0.27107523285961577
IC4,0.2706882360643532
IC3,0.2703942186245274
GATS2d,0.2670771742783149
ATS2s,0.2668624827962489
GATS3dv,0.26654195779021084
Xp-6d,0.2649875987880539
AATS4v,0.2624389378809986
AATSC4dv,0.26156749988310546
AATS6dv,0.2612166013579027
FilterItLogS,0.25992694903069813
ATSC2Z,0.2596695833890408
GATS6dv,0.25923766263065096
AATSC5p,0.25882562345994975
AATS6se,0.25622993612499867
nHetero,0.2551339676532898
AATS1p,0.2527743104686877
ATS6s,0.251799342309317
AATSC4s,0.2516122607847673
PEOE_VSA1,0.2515634181698032
AATS5s,0.2512923986513127
AATS4dv,0.2508407581125227
AATSC5se,0.24928544465905667
nRot,0.24863357179486512
GATS3v,0.24852038984243574
AATS1se,0.24005701054793338
ATSC3s,0.23995816091476962
AATSC4d,0.23860333345681095
MAXdssC,0.23796685776400084
NssO,0.2378739374840606
BCUTi-1h,0.23718011169038222
piPC6,0.2366887180418078
RNCG,0.2357671357311042
SIC2,0.23570789181602025
AATSC5v,0.23552326157818282
ATSC2dv,0.2352453491952553
NsssCH,0.2332228345052454
SLogP,0.23269759473504115
AATSC3d,0.23235845730508586
ATSC0s,0.23130936062246343
AATS6s,0.22940374259385576
MDEC-23,0.2267824186973173
EState_VSA8,0.22418574110408906
ATSC0dv,0.22246449236792287
BCUTZ-1h,0.22188015691674323
AATS4Z,0.22164827594084713
ATSC4s,0.22152448138397185
AATSC4Z,0.22139798355219886
ATS4dv,0.22137643164838838
ATSC7c,0.22060934211977434
AATS6d,0.21870076937766925
MATS6se,0.2177069630311017
AATS5se,0.21612113934462274
AATS3d,0.21226861314136292
GATS5c,0.212189825823625
AATS8s,0.21042567853318994
AXp-7dv,0.21037620774683008
ATSC1s,0.20939675660419166
ATSC8dv,0.2084710655154507
Kier2,0.20772493540305703
GATS2s,0.20689977430625772
ATS5s,0.20679244190461565
Xp-7dv,0.20636585569830945
GATS3d,0.20543616239133522
AATSC2d,0.2050146159443793
ATSC4Z,0.20489911979994835
ATSC4dv,0.20450655961051378
ATS7d,0.20267066256399602
IC2,0.2018691523187326
AATSC3p,0.20141758107693875
GATS1s,0.19739163415142702
EState_VSA7,0.1928108972952387
TopoPSA(NO),0.1926492783953737
ATSC4d,0.19051340597623723
AATS6i,0.18867002388571885
BCUTc-1l,0.1881993251346472
AATSC6se,0.18799121049656176
fragCpx,0.1873997953050872
AATS5dv,0.18711282112829997
AATS4se,0.1866053724527008
ATS0dv,0.1865608797214473
MAXdsCH,0.1848292870102064
ZMIC3,0.18323500632687484
ATSC1c,0.1820661582464913
AATS3Z,0.1803449972031017
AATS0v,0.1801678819032304
AATS7Z,0.17899367860170656
AATSC5pe,0.17622301730516865
MATS6c,0.17461673723248827
MIC3,0.1735514101224993
EState_VSA9,0.17097786079443855
ATSC5d,0.16985287359930146
AATSC5s,0.1691455850414516
AATSC7dv,0.16786073827996795
AATSC5dv,0.16782463329747
AXp-2d,0.16500204996984458
AATSC6s,0.16449923918676168
ATS8d,0.16289043758989363
MATS3s,0.16100009033346163
AATSC8se,0.16058765601436908
Kier3,0.15998121383661035
GATS4s,0.1594001232093203
BalabanJ,0.15917813368408185
SlogP_VSA2,0.15881597399427472
BCUTdv-1l,0.15879386013653018
GATS6c,0.15818389408204814
AXp-7d,0.15811691400207728
PEOE_VSA7,0.15747308159935125
GATS1se,0.15588073067952601
MATS4s,0.15560429757462169
AETA_eta_RL,0.15540379702863083
AATSC7c,0.1552511353313557
ATSC7s,0.155094963658847
piPC8,0.15190276856827722
ATSC1Z,0.15185909140846343
ATSC5v,0.14964014247809354
MATS1c,0.14857810164257534
GATS7s,0.148013128748413
ATS6d,0.14756431646154544
GATS8c,0.14745461533876725
ATSC7d,0.14727140529460714
AATSC0Z,0.14603277187641295
NdsCH,0.14566827634605062
GATS6d,0.14471916095640713
ATSC7Z,0.14356909929437123
AATS4d,0.14315216410121767
ATSC5dv,0.14268940743107317
GATS7Z,0.14193565835591127
ATSC6d,0.13990060958700434
MATS7se,0.1385509108517886
GATS1d,0.13846715500863516
ATSC5pe,0.13835042112377716
VE1_A,0.13751086194221562
AATSC5d,0.13638708315696135
GATS2v,0.13478243836477777
GATS7dv,0.1338469560494091
MATS8se,0.1328400242362875
AATSC8Z,0.13274148862656743
ATSC4c,0.1323159514314871
ATSC5p,0.13155794712019286
GATS2c,0.12945414113727916
AATSC7se,0.1287955426411309
ATSC3dv,0.12869111076989626
GATS3s,0.1277816293456957
ATSC8se,0.12753882978096565
AATSC7p,0.12616967854867456
ETA_epsilon_5,0.1261428181414339
AATS3pe,0.12567201089640623
GATS3c,0.12440579011730657
ATS6dv,0.12261487870593024
ATSC5s,0.12221191323401248
GATS2dv,0.12002714543838122
ATSC6dv,0.11971854863683484
ATS5dv,0.1179614882375315
AATSC8d,0.11662769571732756
AATS8Z,0.11604982258616392
ATSC2c,0.1154991813264652
ATS1s,0.11534435975604262
MATS3dv,0.11310828688775842
ATS8Z,0.1130734976746881
piPC7,0.11246127427441399
ATSC2se,0.11053874710465683
ATSC6s,0.10914069051072062
TpiPC10,0.10807366840729804
BCUTdv-1h,0.10404977685481231
ZMIC1,0.10388526764051553
AATSC8c,0.10345841038196557
ATSC6se,0.10287054899863612
ATSC5c,0.10284284066012006
AATS5Z,0.10236181160054292
JGI4,0.10171427788036747
AATSC7d,0.09975871701970629
JGI3,0.09887056549541118
AATS5v,0.09696837995379459
AATS3v,0.09673677581996865
Kier1,0.09624668568892858
MATS7c,0.09552923974570993
GATS5se,0.09549983254566685
SpAbs_DzZ,0.09500575429957792
MATS2c,0.09477266636161863
ATSC8s,0.09396060463724831
BCUTd-1l,0.09325823245253595
RotRatio,0.09232383023622637
piPC1,0.09225578438350945
GATS4c,0.0919651919398472
AATSC8s,0.0895094346836447
Xp-5d,0.08814589984966847
GATS5s,0.0877322578483124
ZMIC2,0.08655084311489247
AATS3i,0.08605544597647041
GATS2se,0.08543669845306923
GATS2Z,0.08527689413375716
AATSC6c,0.08268510217524394
ATSC3se,0.08063344902926017
AATSC6d,0.07883171924694876
AATSC7s,0.07736189326858067
MATS5s,0.07610954852203511
AATS0d,0.07553646417271453
MATS8c,0.0749420075605598
AATSC5Z,0.07311174320419278
ATS1dv,0.07052059813263556
GATS5d,0.06915283081088486
ATSC5se,0.06871627110897816
VSA_EState7,0.06866044607529842
EState_VSA3,0.06852316407702475
MATS6s,0.06759121489100606
AATS1i,0.06601152981569447
MATS5c,0.06385930696893372
AATSC1c,0.06339634937533223
GATS5Z,0.06149188838407449
AATSC4c,0.06110357861249671
ATSC5Z,0.060257270402254814
MATS5se,0.05912736562979859
ATSC8c,0.058983149599471485
AATS3se,0.05659577800612681
GATS4d,0.05269566758831612
AATSC8dv,0.044410424646629476
MATS3d,0.04318006527251805
ATSC1p,0.041793311831835656
AATSC3se,0.04079208062751727
NsOH,0.038096057814174245
EState_VSA4,0.03689888325624313
MATS4c,0.036187531406159934
AATSC7v,0.03453754938917131
nC,0.03326392293368974
AMID_C,0.03201890304148636
SpMAD_A,0.03149989992184388
ATSC6pe,0.02723079354646485
ATSC8v,0.020068446236506166
AATSC3dv,0.019650340727472404
AATSC8v,0.019222995385355546
GATS7v,0.018552418707846297
MATS2s,0.016991282665174356
ATSC6c,0.011719398905694955
GATS6s,0.009321658869368754
ETA_shape_y,0.0055694187040171705
GATS6v,0.002569920180989893
ATSC8pe,0.0
TopoShapeIndex,0.0
MATS8s,0.0
VR2_A,0.0
JGI5,0.0
MATS3se,0.0
GGI5,0.0
AATSC6v,0.0
GATS5dv,0.0
MATS1s,0.0
AATSC7Z,0.0
ATSC3c,0.0
AATSC6Z,0.0
MATS3c,0.0
ATSC8d,0.0
Xp-7d,0.0
ATSC6Z,0.0
MATS7s,0.0
BertzCT,0.0
ATSC8Z,0.0
AATS8d,0.0
MDEC-33,0.0
AATS5d,0.0
GATS6Z,0.0
ATSC1v,0.0
